[{"Chrome": "0", "FireFox": "0.22", "IE 8": "0", "Year-Month": "2003-01", "IE 7": "0"}, {"Chrome": "0", "FireFox": "0.20", "IE 8": "0", "Year-Month": "2003-02", "IE 7": "0"}, {"Chrome": "0", "FireFox": "0.19", "IE 8": "0", "Year-Month": "2003-03", "IE 7": "0"}, {"Chrome": "0", "FireFox": "0.19", "IE 8": "0", "Year-Month": "2003-04", "IE 7": "0"}, {"Chrome": "0", "FireFox": "0.20", "IE 8": "0", "Year-Month": "2003-05", "IE 7": "0"}, {"Chrome": "0", "FireFox": "0.21", "IE 8": "0", "Year-Month": "2003-06", "IE 7": "0"}, {"Chrome": "0", "FireFox": "0.21", "IE 8": "0", "Year-Month": "2003-07", "IE 7": "0"}, {"Chrome": "0", "FireFox": "0.22", "IE 8": "0", "Year-Month": "2003-08", "IE 7": "0"}, {"Chrome": "0", "FireFox": "0.22", "IE 8": "0", "Year-Month": "2003-09", "IE 7": "0"}, {"Chrome": "0", "FireFox": "0.22", "IE 8": "0", "Year-Month": "2003-10", "IE 7": "0"}, {"Chrome": "0", "FireFox": "0.17", "IE 8": "0", "Year-Month": "2003-11", "IE 7": "0"}, {"Chrome": "0", "FireFox": "0.18", "IE 8": "0", "Year-Month": "2003-12", "IE 7": "0"}, {"Chrome": "0", "FireFox": "0.20", "IE 8": "0", "Year-Month": "2004-01", "IE 7": "0"}, {"Chrome": "0", "FireFox": "0.20", "IE 8": "0", "Year-Month": "2004-02", "IE 7": "0"}, {"Chrome": "0", "FireFox": "0.20", "IE 8": "0", "Year-Month": "2004-03", "IE 7": "0"}, {"Chrome": "0", "FireFox": "0.22", "IE 8": "0", "Year-Month": "2004-04", "IE 7": "0"}, {"Chrome": "0", "FireFox": "0.22", "IE 8": "0", "Year-Month": "2004-05", "IE 7": "0"}, {"Chrome": "0", "FireFox": "0.22", "IE 8": "0", "Year-Month": "2004-06", "IE 7": "0"}, {"Chrome": "0", "FireFox": "0.19", "IE 8": "0", "Year-Month": "2004-07", "IE 7": "0"}, {"Chrome": "0", "FireFox": "0.19", "IE 8": "0", "Year-Month": "2004-08", "IE 7": "0"}, {"Chrome": "0", "FireFox": "0.20", "IE 8": "0", "Year-Month": "2004-09", "IE 7": "0"}, {"Chrome": "0", "FireFox": "0.19", "IE 8": "0", "Year-Month": "2004-10", "IE 7": "0"}, {"Chrome": "0", "FireFox": "0.15", "IE 8": "0", "Year-Month": "2004-11", "IE 7": "0"}, {"Chrome": "0", "FireFox": "0.62", "IE 8": "0", "Year-Month": "2004-12", "IE 7": "0"}, {"Chrome": "0", "FireFox": "1.41", "IE 8": "0", "Year-Month": "2005-01", "IE 7": "0"}, {"Chrome": "0", "FireFox": "1.61", "IE 8": "0", "Year-Month": "2005-02", "IE 7": "0"}, {"Chrome": "0", "FireFox": "1.78", "IE 8": "0", "Year-Month": "2005-03", "IE 7": "0"}, {"Chrome": "0", "FireFox": "2.10", "IE 8": "0", "Year-Month": "2005-04", "IE 7": "0"}, {"Chrome": "0", "FireFox": "2.31", "IE 8": "0", "Year-Month": "2005-05", "IE 7": "0"}, {"Chrome": "0", "FireFox": "2.28", "IE 8": "0", "Year-Month": "2005-06", "IE 7": "0"}, {"Chrome": "0", "FireFox": "2.21", "IE 8": "0", "Year-Month": "2005-07", "IE 7": "0"}, {"Chrome": "0", "FireFox": "2.19", "IE 8": "0", "Year-Month": "2005-08", "IE 7": "0.28"}, {"Chrome": "0", "FireFox": "2.24", "IE 8": "0", "Year-Month": "2005-09", "IE 7": "0.32"}, {"Chrome": "0", "FireFox": "2.34", "IE 8": "0", "Year-Month": "2005-10", "IE 7": "0.34"}, {"Chrome": "0", "FireFox": "2.27", "IE 8": "0", "Year-Month": "2005-11", "IE 7": "0.28"}, {"Chrome": "0", "FireFox": "2.47", "IE 8": "0", "Year-Month": "2005-12", "IE 7": "0.28"}, {"Chrome": "0", "FireFox": "2.53", "IE 8": "0", "Year-Month": "2006-01", "IE 7": "0.26"}, {"Chrome": "0", "FireFox": "2.46", "IE 8": "0", "Year-Month": "2006-02", "IE 7": "0.24"}, {"Chrome": "0", "FireFox": "2.49", "IE 8": "0", "Year-Month": "2006-03", "IE 7": "0.26"}, {"Chrome": "0", "FireFox": "2.57", "IE 8": "0", "Year-Month": "2006-04", "IE 7": "0.23"}, {"Chrome": "0", "FireFox": "2.59", "IE 8": "0", "Year-Month": "2006-05", "IE 7": "0.29"}, {"Chrome": "0", "FireFox": "2.51", "IE 8": "0", "Year-Month": "2006-06", "IE 7": "0.41"}, {"Chrome": "0", "FireFox": "2.34", "IE 8": "0", "Year-Month": "2006-07", "IE 7": "0.55"}, {"Chrome": "0", "FireFox": "2.46", "IE 8": "0", "Year-Month": "2006-08", "IE 7": "0.66"}, {"Chrome": "0", "FireFox": "2.88", "IE 8": "0", "Year-Month": "2006-09", "IE 7": "0.90"}, {"Chrome": "0", "FireFox": "3.15", "IE 8": "0", "Year-Month": "2006-10", "IE 7": "1.24"}, {"Chrome": "0", "FireFox": "3.23", "IE 8": "0", "Year-Month": "2006-11", "IE 7": "2.35"}, {"Chrome": "0", "FireFox": "3.44", "IE 8": "0", "Year-Month": "2006-12", "IE 7": "3.88"}, {"Chrome": "0", "FireFox": "3.55", "IE 8": "0", "Year-Month": "2007-01", "IE 7": "5.69"}, {"Chrome": "0", "FireFox": "3.71", "IE 8": "0", "Year-Month": "2007-02", "IE 7": "7.03"}, {"Chrome": "0", "FireFox": "3.85", "IE 8": "0", "Year-Month": "2007-03", "IE 7": "8.16"}, {"Chrome": "0", "FireFox": "4.13", "IE 8": "0", "Year-Month": "2007-04", "IE 7": "9.59"}, {"Chrome": "0", "FireFox": "4.27", "IE 8": "0", "Year-Month": "2007-05", "IE 7": "11.02"}, {"Chrome": "0", "FireFox": "4.33", "IE 8": "0", "Year-Month": "2007-06", "IE 7": "12.50"}, {"Chrome": "0", "FireFox": "4.46", "IE 8": "0", "Year-Month": "2007-07", "IE 7": "14.45"}, {"Chrome": "0", "FireFox": "4.62", "IE 8": "0", "Year-Month": "2007-08", "IE 7": "15.98"}, {"Chrome": "0", "FireFox": "4.73", "IE 8": "0", "Year-Month": "2007-09", "IE 7": "17.71"}, {"Chrome": "0", "FireFox": "5.21", "IE 8": "0", "Year-Month": "2007-10", "IE 7": "19.52"}, {"Chrome": "0", "FireFox": "5.46", "IE 8": "0", "Year-Month": "2007-11", "IE 7": "21.21"}, {"Chrome": "0", "FireFox": "5.85", "IE 8": "0", "Year-Month": "2007-12", "IE 7": "24.16"}, {"Chrome": "0", "FireFox": "5.87", "IE 8": "0", "Year-Month": "2008-01", "IE 7": "26.15"}, {"Chrome": "0", "FireFox": "6.02", "IE 8": "0", "Year-Month": "2008-02", "IE 7": "28.19"}, {"Chrome": "0", "FireFox": "6.13", "IE 8": "0", "Year-Month": "2008-03", "IE 7": "30.50"}, {"Chrome": "0", "FireFox": "6.28", "IE 8": "0", "Year-Month": "2008-04", "IE 7": "32.42"}, {"Chrome": "0", "FireFox": "6.54", "IE 8": "0", "Year-Month": "2008-05", "IE 7": "33.59"}, {"Chrome": "0", "FireFox": "6.45", "IE 8": "0", "Year-Month": "2008-06", "IE 7": "34.35"}, {"Chrome": "0", "FireFox": "7.15", "IE 8": "0", "Year-Month": "2008-07", "IE 7": "35.02"}, {"Chrome": "0", "FireFox": "7.54", "IE 8": "0", "Year-Month": "2008-08", "IE 7": "35.64"}, {"Chrome": "0", "FireFox": "8.30", "IE 8": "0", "Year-Month": "2008-09", "IE 7": "35.85"}, {"Chrome": "0", "FireFox": "7.43", "IE 8": "0", "Year-Month": "2008-10", "IE 7": "37.43"}, {"Chrome": "0", "FireFox": "7.58", "IE 8": "0", "Year-Month": "2008-11", "IE 7": "37.97"}, {"Chrome": "0", "FireFox": "7.92", "IE 8": "0.42", "Year-Month": "2008-12", "IE 7": "38.49"}, {"Chrome": "0.79", "FireFox": "8.61", "IE 8": "0.46", "Year-Month": "2009-01", "IE 7": "38.57"}, {"Chrome": "0.85", "FireFox": "8.97", "IE 8": "0.53", "Year-Month": "2009-02", "IE 7": "38.60"}, {"Chrome": "0.90", "FireFox": "9.44", "IE 8": "0.70", "Year-Month": "2009-03", "IE 7": "38.56"}, {"Chrome": "1.01", "FireFox": "10.38", "IE 8": "1.36", "Year-Month": "2009-04", "IE 7": "37.96"}, {"Chrome": "1", "FireFox": "10.73", "IE 8": "2.23", "Year-Month": "2009-05", "IE 7": "37.01"}, {"Chrome": "1.11", "FireFox": "10.37", "IE 8": "3.15", "Year-Month": "2009-06", "IE 7": "35.60"}, {"Chrome": "1.24", "FireFox": "11.15", "IE 8": "4.45", "Year-Month": "2009-07", "IE 7": "34.86"}, {"Chrome": "1.38", "FireFox": "11.77", "IE 8": "5.19", "Year-Month": "2009-08", "IE 7": "33.94"}, {"Chrome": "1.68", "FireFox": "13.14", "IE 8": "5.89", "Year-Month": "2009-09", "IE 7": "32.28"}, {"Chrome": "2.11", "FireFox": "14.95", "IE 8": "6.84", "Year-Month": "2009-10", "IE 7": "31.27"}, {"Chrome": "2.26", "FireFox": "15.75", "IE 8": "7.73", "Year-Month": "2009-11", "IE 7": "30.01"}, {"Chrome": "2.74", "FireFox": "15.28", "IE 8": "10.70", "Year-Month": "2009-12", "IE 7": "30.84"}, {"Chrome": "2.37", "FireFox": "11.41", "IE 8": "16.97", "Year-Month": "2010-01", "IE 7": "33.90"}, {"Chrome": "2.68", "FireFox": "11.59", "IE 8": "18.54", "Year-Month": "2010-02", "IE 7": "32.99"}, {"Chrome": "3.05", "FireFox": "12.66", "IE 8": "20.32", "Year-Month": "2010-03", "IE 7": "32.32"}, {"Chrome": "3.41", "FireFox": "13.19", "IE 8": "21.87", "Year-Month": "2010-04", "IE 7": "31.44"}, {"Chrome": "3.75", "FireFox": "14.24", "IE 8": "23.32", "Year-Month": "2010-05", "IE 7": "30.58"}, {"Chrome": "3.94", "FireFox": "13.21", "IE 8": "25.10", "Year-Month": "2010-06", "IE 7": "29.56"}, {"Chrome": "4.48", "FireFox": "13.14", "IE 8": "26.66", "Year-Month": "2010-07", "IE 7": "28.90"}, {"Chrome": "5.15", "FireFox": "14.16", "IE 8": "28.74", "Year-Month": "2010-08", "IE 7": "27.52"}, {"Chrome": "6.04", "FireFox": "15.25", "IE 8": "30.20", "Year-Month": "2010-09", "IE 7": "26.27"}, {"Chrome": "6.84", "FireFox": "15.68", "IE 8": "31.55", "Year-Month": "2010-10", "IE 7": "26.22"}, {"Chrome": "7.26", "FireFox": "15.38", "IE 8": "32.56", "Year-Month": "2010-11", "IE 7": "24.63"}, {"Chrome": "8.19", "FireFox": "15.32", "IE 8": "33.39", "Year-Month": "2010-12", "IE 7": "24.12"}, {"Chrome": "8.96", "FireFox": "15.55", "IE 8": "34.10", "Year-Month": "2011-01", "IE 7": "23.35"}, {"Chrome": "9.92", "FireFox": "15.65", "IE 8": "34.99", "Year-Month": "2011-02", "IE 7": "22.51"}, {"Chrome": "10.92", "FireFox": "15.62", "IE 8": "35.51", "Year-Month": "2011-03", "IE 7": "21.95"}, {"Chrome": "11.84", "FireFox": "15.88", "IE 8": "35.63", "Year-Month": "2011-04", "IE 7": "21.17"}, {"Chrome": "12.88", "FireFox": "16.05", "IE 8": "35.69", "Year-Month": "2011-05", "IE 7": "19.74"}, {"Chrome": "13.64", "FireFox": "15.77", "IE 8": "35.89", "Year-Month": "2011-06", "IE 7": "18.60"}, {"Chrome": "15.81", "FireFox": "15.76", "IE 8": "35.12", "Year-Month": "2011-07", "IE 7": "17.18"}, {"Chrome": "17.29", "FireFox": "15.58", "IE 8": "34.54", "Year-Month": "2011-08", "IE 7": "15.97"}, {"Chrome": "19.10", "FireFox": "15.46", "IE 8": "33.53", "Year-Month": "2011-09", "IE 7": "15.01"}, {"Chrome": "21.10", "FireFox": "15.48", "IE 8": "31.91", "Year-Month": "2011-10", "IE 7": "14.07"}, {"Chrome": "22", "FireFox": "14.95", "IE 8": "31.46", "Year-Month": "2011-11", "IE 7": "13.45"}, {"Chrome": "23.48", "FireFox": "14.75", "IE 8": "30.45", "Year-Month": "2011-12", "IE 7": "13.27"}, {"Chrome": "24.86", "FireFox": "14.31", "IE 8": "29.65", "Year-Month": "2012-01", "IE 7": "12.49"}, {"Chrome": "25.60", "FireFox": "13.73", "IE 8": "28.80", "Year-Month": "2012-02", "IE 7": "11.77"}, {"Chrome": "26.95", "FireFox": "13.54", "IE 8": "26.82", "Year-Month": "2012-03", "IE 7": "10.97"}, {"Chrome": "28.11", "FireFox": "13.99", "IE 8": "25", "Year-Month": "2012-04", "IE 7": "9.81"}, {"Chrome": "28.81", "FireFox": "14.19", "IE 8": "24.03", "Year-Month": "2012-05", "IE 7": "9.35"}, {"Chrome": "29.57", "FireFox": "14.17", "IE 8": "23.06", "Year-Month": "2012-06", "IE 7": "8.69"}, {"Chrome": "30.80", "FireFox": "14.06", "IE 8": "21.76", "Year-Month": "2012-07", "IE 7": "8.11"}, {"Chrome": "30.91", "FireFox": "13.84", "IE 8": "20.82", "Year-Month": "2012-08", "IE 7": "7.76"}, {"Chrome": "31.31", "FireFox": "13.74", "IE 8": "20.14", "Year-Month": "2012-09", "IE 7": "7.42"}, {"Chrome": "32.22", "FireFox": "13.19", "IE 8": "19.25", "Year-Month": "2012-10", "IE 7": "7.44"}, {"Chrome": "32.48", "FireFox": "13.39", "IE 8": "18.39", "Year-Month": "2012-11", "IE 7": "6.73"}, {"Chrome": "34.62", "FireFox": "13.48", "IE 8": "17.28", "Year-Month": "2012-12", "IE 7": "6.26"}, {"Chrome": "35.85", "FireFox": "13.55", "IE 8": "15.87", "Year-Month": "2013-01", "IE 7": "5.73"}, {"Chrome": "36.64", "FireFox": "13.65", "IE 8": "14.73", "Year-Month": "2013-02", "IE 7": "5.32"}, {"Chrome": "36.74", "FireFox": "13.54", "IE 8": "14.05", "Year-Month": "2013-03", "IE 7": "5.15"}, {"Chrome": "37.15", "FireFox": "13.36", "IE 8": "13.07", "Year-Month": "2013-04", "IE 7": "4.76"}, {"Chrome": "37.01", "FireFox": "14.11", "IE 8": "12.54", "Year-Month": "2013-05", "IE 7": "4.36"}, {"Chrome": "37.33", "FireFox": "13.59", "IE 8": "12.33", "Year-Month": "2013-06", "IE 7": "4.07"}, {"Chrome": "38.29", "FireFox": "13.50", "IE 8": "11.38", "Year-Month": "2013-07", "IE 7": "3.81"}, {"Chrome": "38.26", "FireFox": "13.51", "IE 8": "10.61", "Year-Month": "2013-08", "IE 7": "3.61"}, {"Chrome": "38.45", "FireFox": "13.56", "IE 8": "9.99", "Year-Month": "2013-09", "IE 7": "3.48"}, {"Chrome": "39.98", "FireFox": "13.42", "IE 8": "9.38", "Year-Month": "2013-10", "IE 7": "3.62"}, {"Chrome": "39.92", "FireFox": "12.94", "IE 8": "8.97", "Year-Month": "2013-11", "IE 7": "3.23"}, {"Chrome": "39.30", "FireFox": "14.68", "IE 8": "8.02", "Year-Month": "2013-12", "IE 7": "2.92"}, {"Chrome": "38.66", "FireFox": "15.09", "IE 8": "7.93", "Year-Month": "2014-01", "IE 7": "2.88"}, {"Chrome": "38.79", "FireFox": "15.36", "IE 8": "7.58", "Year-Month": "2014-02", "IE 7": "2.83"}, {"Chrome": "39.18", "FireFox": "15.14", "IE 8": "7.29", "Year-Month": "2014-03", "IE 7": "2.78"}, {"Chrome": "39.38", "FireFox": "14.89", "IE 8": "6.66", "Year-Month": "2014-04", "IE 7": "2.72"}, {"Chrome": "39.41", "FireFox": "15.39", "IE 8": "6.17", "Year-Month": "2014-05", "IE 7": "2.45"}, {"Chrome": "40.32", "FireFox": "14.98", "IE 8": "6.14", "Year-Month": "2014-06", "IE 7": "2.36"}, {"Chrome": "40.26", "FireFox": "15.72", "IE 8": "5.63", "Year-Month": "2014-07", "IE 7": "2.29"}, {"Chrome": "40.74", "FireFox": "15.90", "IE 8": "5.10", "Year-Month": "2014-08", "IE 7": "2.20"}, {"Chrome": "41.29", "FireFox": "16.53", "IE 8": "4.72", "Year-Month": "2014-09", "IE 7": "2.12"}, {"Chrome": "42.19", "FireFox": "16.95", "IE 8": "4.13", "Year-Month": "2014-10", "IE 7": "1.96"}, {"Chrome": "43.29", "FireFox": "17.74", "IE 8": "3.60", "Year-Month": "2014-11", "IE 7": "1.71"}, {"Chrome": "43.51", "FireFox": "18.47", "IE 8": "3.21", "Year-Month": "2014-12", "IE 7": "1.54"}, {"Chrome": "44.92", "FireFox": "17.18", "IE 8": "3.01", "Year-Month": "2015-01", "IE 7": "1.36"}, {"Chrome": "45.16", "FireFox": "17.38", "IE 8": "2.87", "Year-Month": "2015-02", "IE 7": "1.44"}, {"Chrome": "45.68", "FireFox": "17.47", "IE 8": "2.53", "Year-Month": "2015-03", "IE 7": "1.29"}, {"Chrome": "46.17", "FireFox": "17.55", "IE 8": "2.32", "Year-Month": "2015-04", "IE 7": "1.29"}, {"Chrome": "47.09", "FireFox": "17.37", "IE 8": "2.11", "Year-Month": "2015-05", "IE 7": "1.18"}, {"Chrome": "48.42", "FireFox": "16.68", "IE 8": "2.07", "Year-Month": "2015-06", "IE 7": "1.19"}, {"Chrome": "48.95", "FireFox": "17.09", "IE 8": "1.89", "Year-Month": "2015-07", "IE 7": "1.16"}, {"Chrome": "50.51", "FireFox": "16.18", "IE 8": "1.80", "Year-Month": "2015-08", "IE 7": "1.29"}, {"Chrome": "51.65", "FireFox": "15.21", "IE 8": "1.73", "Year-Month": "2015-09", "IE 7": "1.21"}, {"Chrome": "54.16", "FireFox": "13.61", "IE 8": "1.56", "Year-Month": "2015-10", "IE 7": "1.17"}, {"Chrome": "53.96", "FireFox": "15.35", "IE 8": "1.34", "Year-Month": "2015-11", "IE 7": "1.09"}, {"Chrome": "57.30", "FireFox": "13.29", "IE 8": "1.31", "Year-Month": "2015-12", "IE 7": "0.95"}, {"Chrome": "58.66", "FireFox": "14.47", "IE 8": "1", "Year-Month": "2016-01", "IE 7": "0.94"}, {"Chrome": "60.84", "FireFox": "11.75", "IE 8": "1", "Year-Month": "2016-02", "IE 7": "0.77"}, {"Chrome": "61.59", "FireFox": "11.85", "IE 8": "0.92", "Year-Month": "2016-03", "IE 7": "0.82"}, {"Chrome": "63.96", "FireFox": "9.25", "IE 8": "0.79", "Year-Month": "2016-04", "IE 7": "0.63"}, {"Chrome": "64.94", "FireFox": "9.23", "IE 8": "0.69", "Year-Month": "2016-05", "IE 7": "0.56"}, {"Chrome": "62.61", "FireFox": "13.40", "IE 8": "0.65", "Year-Month": "2016-06", "IE 7": "0.53"}, {"Chrome": "63.23", "FireFox": "13.82", "IE 8": "0.50", "Year-Month": "2016-07", "IE 7": "0.61"}]